인구이동연,인구이동월,인구이동구,구별이동 ,구인구,비율
2014,9,종로구,-150,"165,344",-0.09%
2014,9,중구,-128,"136,227",-0.09%
2014,9,용산구,-440,"249,914",-0.18%
2014,9,성동구,-611,"303,891",-0.20%
2014,9,광진구,-677,"377,375",-0.18%
2014,9,동대문구,960,"376,319",0.26%
2014,9,중랑구,-151,"423,411",-0.04%
2014,9,성북구,"-1,042","475,961",-0.22%
2014,9,강북구,-428,"338,410",-0.13%
2014,9,도봉구,-580,"355,712",-0.16%
2014,9,노원구,-437,"586,056",-0.07%
2014,9,은평구,-514,"503,243",-0.10%
2014,9,서대문구,-212,"320,861",-0.07%
2014,9,마포구,-314,"395,830",-0.08%
2014,9,양천구,-605,"490,708",-0.12%
2014,9,강서구,"1,818","591,653",0.31%
2014,9,구로구,-334,"457,131",-0.07%
2014,9,금천구,-201,"258,030",-0.08%
2014,9,영등포구,-619,"421,436",-0.15%
2014,9,동작구,-734,"419,261",-0.18%
2014,9,관악구,-662,"531,960",-0.12%
2014,9,서초구,836,"454,288",0.18%
2014,9,강남구,993,"583,446",0.17%
2014,9,송파구,"-1,087","671,794",-0.16%
2014,9,강동구,-807,"481,332",-0.17%
2014,10,종로구,-313,"165,344",-0.19%
2014,10,중구,-202,"136,227",-0.15%
2014,10,용산구,-635,"249,914",-0.25%
2014,10,성동구,-920,"303,891",-0.30%
2014,10,광진구,-897,"377,375",-0.24%
2014,10,동대문구,864,"376,319",0.23%
2014,10,중랑구,-216,"423,411",-0.05%
2014,10,성북구,"-1,390","475,961",-0.29%
2014,10,강북구,-617,"338,410",-0.18%
2014,10,도봉구,-567,"355,712",-0.16%
2014,10,노원구,-706,"586,056",-0.12%
2014,10,은평구,-516,"503,243",-0.10%
2014,10,서대문구,"-1,077","320,861",-0.34%
2014,10,마포구,"1,718","395,830",0.43%
2014,10,양천구,-663,"490,708",-0.14%
2014,10,강서구,"1,461","591,653",0.25%
2014,10,구로구,-902,"457,131",-0.20%
2014,10,금천구,-363,"258,030",-0.14%
2014,10,영등포구,-777,"421,436",-0.18%
2014,10,동작구,-983,"419,261",-0.23%
2014,10,관악구,-860,"531,960",-0.16%
2014,10,서초구,973,"454,288",0.21%
2014,10,강남구,"1,178","583,446",0.20%
2014,10,송파구,"-1,787","671,794",-0.27%
2014,10,강동구,-925,"481,332",-0.19%
2014,11,종로구,-350,"165,344",-0.21%
2014,11,중구,-362,"136,227",-0.27%
2014,11,용산구,-685,"249,914",-0.27%
2014,11,성동구,-574,"303,891",-0.19%
2014,11,광진구,-850,"377,375",-0.23%
2014,11,동대문구,248,"376,319",0.07%
2014,11,중랑구,-160,"423,411",-0.04%
2014,11,성북구,"-1,129","475,961",-0.24%
2014,11,강북구,-352,"338,410",-0.10%
2014,11,도봉구,-470,"355,712",-0.13%
2014,11,노원구,"-1,040","586,056",-0.18%
2014,11,은평구,-666,"503,243",-0.13%
2014,11,서대문구,-863,"320,861",-0.27%
2014,11,마포구,"2,106","395,830",0.53%
2014,11,양천구,-329,"490,708",-0.07%
2014,11,강서구,719,"591,653",0.12%
2014,11,구로구,-597,"457,131",-0.13%
2014,11,금천구,-289,"258,030",-0.11%
2014,11,영등포구,-850,"421,436",-0.20%
2014,11,동작구,-799,"419,261",-0.19%
2014,11,관악구,-947,"531,960",-0.18%
2014,11,서초구,-148,"454,288",-0.03%
2014,11,강남구,"1,255","583,446",0.22%
2014,11,송파구,"-1,149","671,794",-0.17%
2014,11,강동구,-887,"481,332",-0.18%
2014,12,종로구,-443,"165,344",-0.27%
2014,12,중구,-425,"136,227",-0.31%
2014,12,용산구,-496,"249,914",-0.20%
2014,12,성동구,-758,"303,891",-0.25%
2014,12,광진구,-691,"377,375",-0.18%
2014,12,동대문구,-187,"376,319",-0.05%
2014,12,중랑구,-599,"423,411",-0.14%
2014,12,성북구,"-1,412","475,961",-0.30%
2014,12,강북구,-488,"338,410",-0.14%
2014,12,도봉구,-739,"355,712",-0.21%
2014,12,노원구,"-1,562","586,056",-0.27%
2014,12,은평구,-594,"503,243",-0.12%
2014,12,서대문구,-655,"320,861",-0.20%
2014,12,마포구,"1,063","395,830",0.27%
2014,12,양천구,-585,"490,708",-0.12%
2014,12,강서구,495,"591,653",0.08%
2014,12,구로구,-801,"457,131",-0.18%
2014,12,금천구,-364,"258,030",-0.14%
2014,12,영등포구,-624,"421,436",-0.15%
2014,12,동작구,-938,"419,261",-0.22%
2014,12,관악구,-498,"531,960",-0.09%
2014,12,서초구,-176,"454,288",-0.04%
2014,12,강남구,"1,191","583,446",0.20%
2014,12,송파구,"-1,359","671,794",-0.20%
2014,12,강동구,-903,"481,332",-0.19%
2015,1,종로구,-280,"163,822",-0.17%
2015,1,중구,-136,"134,329",-0.10%
2015,1,용산구,-282,"247,909",-0.11%
2015,1,성동구,-252,"305,065",-0.08%
2015,1,광진구,-336,"375,180",-0.09%
2015,1,동대문구,-305,"373,824",-0.08%
2015,1,중랑구,-376,"418,620",-0.09%
2015,1,성북구,-485,"469,560",-0.10%
2015,1,강북구,-115,"334,426",-0.03%
2015,1,도봉구,-292,"353,241",-0.08%
2015,1,노원구,-660,"578,221",-0.11%
2015,1,은평구,58,"502,578",0.01%
2015,1,서대문구,-498,"323,105",-0.15%
2015,1,마포구,"1,093","398,351",0.27%
2015,1,양천구,145,"489,010",0.03%
2015,1,강서구,490,"595,691",0.08%
2015,1,구로구,-437,"454,604",-0.10%
2015,1,금천구,38,"256,167",0.01%
2015,1,영등포구,153,"417,811",0.04%
2015,1,동작구,-327,"412,774",-0.08%
2015,1,관악구,64,"529,031",0.01%
2015,1,서초구,407,"451,258",0.09%
2015,1,강남구,570,"581,760",0.10%
2015,1,송파구,-438,"667,480",-0.07%
2015,1,강동구,-854,"463,321",-0.18%
2015,2,종로구,-230,"163,822",-0.14%
2015,2,중구,-57,"134,329",-0.04%
2015,2,용산구,-90,"247,909",-0.04%
2015,2,성동구,-245,"305,065",-0.08%
2015,2,광진구,-64,"375,180",-0.02%
2015,2,동대문구,45,"373,824",0.01%
2015,2,중랑구,-425,"418,620",-0.10%
2015,2,성북구,-131,"469,560",-0.03%
2015,2,강북구,-193,"334,426",-0.06%
2015,2,도봉구,-207,"353,241",-0.06%
2015,2,노원구,-504,"578,221",-0.09%
2015,2,은평구,202,"502,578",0.04%
2015,2,서대문구,-502,"323,105",-0.16%
2015,2,마포구,"1,084","398,351",0.27%
2015,2,양천구,-214,"489,010",-0.04%
2015,2,강서구,285,"595,691",0.05%
2015,2,구로구,-466,"454,604",-0.10%
2015,2,금천구,-148,"256,167",-0.06%
2015,2,영등포구,-312,"417,811",-0.07%
2015,2,동작구,-424,"412,774",-0.10%
2015,2,관악구,96,"529,031",0.02%
2015,2,서초구,-257,"451,258",-0.06%
2015,2,강남구,357,"581,760",0.06%
2015,2,송파구,-62,"667,480",-0.01%
2015,2,강동구,"-1,674","463,321",-0.36%
2015,3,종로구,10,"163,822",0.01%
2015,3,중구,-148,"134,329",-0.11%
2015,3,용산구,-313,"247,909",-0.13%
2015,3,성동구,-170,"305,065",-0.06%
2015,3,광진구,-332,"375,180",-0.09%
2015,3,동대문구,59,"373,824",0.02%
2015,3,중랑구,-292,"418,620",-0.07%
2015,3,성북구,-318,"469,560",-0.07%
2015,3,강북구,-292,"334,426",-0.09%
2015,3,도봉구,-154,"353,241",-0.04%
2015,3,노원구,-831,"578,221",-0.14%
2015,3,은평구,63,"502,578",0.01%
2015,3,서대문구,-393,"323,105",-0.12%
2015,3,마포구,96,"398,351",0.02%
2015,3,양천구,-438,"489,010",-0.09%
2015,3,강서구,311,"595,691",0.05%
2015,3,구로구,59,"454,604",0.01%
2015,3,금천구,-135,"256,167",-0.05%
2015,3,영등포구,-328,"417,811",-0.08%
2015,3,동작구,225,"412,774",0.05%
2015,3,관악구,181,"529,031",0.03%
2015,3,서초구,"-1,893","451,258",-0.42%
2015,3,강남구,"-1,738","581,760",-0.30%
2015,3,송파구,-201,"667,480",-0.03%
2015,3,강동구,"-2,402","463,321",-0.52%
2015,4,종로구,-282,"163,822",-0.17%
2015,4,중구,-251,"134,329",-0.19%
2015,4,용산구,-262,"247,909",-0.11%
2015,4,성동구,100,"305,065",0.03%
2015,4,광진구,-429,"375,180",-0.11%
2015,4,동대문구,-251,"373,824",-0.07%
2015,4,중랑구,138,"418,620",0.03%
2015,4,성북구,-927,"469,560",-0.20%
2015,4,강북구,-370,"334,426",-0.11%
2015,4,도봉구,38,"353,241",0.01%
2015,4,노원구,-641,"578,221",-0.11%
2015,4,은평구,-305,"502,578",-0.06%
2015,4,서대문구,-307,"323,105",-0.10%
2015,4,마포구,76,"398,351",0.02%
2015,4,양천구,-319,"489,010",-0.07%
2015,4,강서구,149,"595,691",0.03%
2015,4,구로구,-334,"454,604",-0.07%
2015,4,금천구,-59,"256,167",-0.02%
2015,4,영등포구,-376,"417,811",-0.09%
2015,4,동작구,-331,"412,774",-0.08%
2015,4,관악구,-203,"529,031",-0.04%
2015,4,서초구,"-1,490","451,258",-0.33%
2015,4,강남구,"-1,391","581,760",-0.24%
2015,4,송파구,-588,"667,480",-0.09%
2015,4,강동구,"-2,502","463,321",-0.54%
2015,5,종로구,-388,"163,822",-0.24%
2015,5,중구,-491,"134,329",-0.37%
2015,5,용산구,-348,"247,909",-0.14%
2015,5,성동구,954,"305,065",0.31%
2015,5,광진구,-445,"375,180",-0.12%
2015,5,동대문구,-496,"373,824",-0.13%
2015,5,중랑구,-224,"418,620",-0.05%
2015,5,성북구,-921,"469,560",-0.20%
2015,5,강북구,-374,"334,426",-0.11%
2015,5,도봉구,-134,"353,241",-0.04%
2015,5,노원구,-786,"578,221",-0.14%
2015,5,은평구,-275,"502,578",-0.05%
2015,5,서대문구,-697,"323,105",-0.22%
2015,5,마포구,767,"398,351",0.19%
2015,5,양천구,-276,"489,010",-0.06%
2015,5,강서구,-34,"595,691",-0.01%
2015,5,구로구,-407,"454,604",-0.09%
2015,5,금천구,-199,"256,167",-0.08%
2015,5,영등포구,-690,"417,811",-0.17%
2015,5,동작구,-480,"412,774",-0.12%
2015,5,관악구,-866,"529,031",-0.16%
2015,5,서초구,"-1,041","451,258",-0.23%
2015,5,강남구,"-1,419","581,760",-0.24%
2015,5,송파구,-459,"667,480",-0.07%
2015,5,강동구,"-1,947","463,321",-0.42%
2015,6,종로구,-425,"163,822",-0.26%
2015,6,중구,-420,"134,329",-0.31%
2015,6,용산구,-410,"247,909",-0.17%
2015,6,성동구,698,"305,065",0.23%
2015,6,광진구,-584,"375,180",-0.16%
2015,6,동대문구,-758,"373,824",-0.20%
2015,6,중랑구,-617,"418,620",-0.15%
2015,6,성북구,-752,"469,560",-0.16%
2015,6,강북구,-481,"334,426",-0.14%
2015,6,도봉구,-255,"353,241",-0.07%
2015,6,노원구,-879,"578,221",-0.15%
2015,6,은평구,-254,"502,578",-0.05%
2015,6,서대문구,-731,"323,105",-0.23%
2015,6,마포구,68,"398,351",0.02%
2015,6,양천구,-593,"489,010",-0.12%
2015,6,강서구,219,"595,691",0.04%
2015,6,구로구,-617,"454,604",-0.14%
2015,6,금천구,-199,"256,167",-0.08%
2015,6,영등포구,-745,"417,811",-0.18%
2015,6,동작구,-928,"412,774",-0.22%
2015,6,관악구,-920,"529,031",-0.17%
2015,6,서초구,-351,"451,258",-0.08%
2015,6,강남구,-904,"581,760",-0.16%
2015,6,송파구,-763,"667,480",-0.11%
2015,6,강동구,"-2,777","463,321",-0.60%
2015,7,종로구,-309,"163,822",-0.19%
2015,7,중구,-335,"134,329",-0.25%
2015,7,용산구,-387,"247,909",-0.16%
2015,7,성동구,-82,"305,065",-0.03%
2015,7,광진구,-422,"375,180",-0.11%
2015,7,동대문구,-663,"373,824",-0.18%
2015,7,중랑구,-917,"418,620",-0.22%
2015,7,성북구,-875,"469,560",-0.19%
2015,7,강북구,-391,"334,426",-0.12%
2015,7,도봉구,-276,"353,241",-0.08%
2015,7,노원구,-582,"578,221",-0.10%
2015,7,은평구,-264,"502,578",-0.05%
2015,7,서대문구,-426,"323,105",-0.13%
2015,7,마포구,-221,"398,351",-0.06%
2015,7,양천구,-301,"489,010",-0.06%
2015,7,강서구,158,"595,691",0.03%
2015,7,구로구,-703,"454,604",-0.15%
2015,7,금천구,-254,"256,167",-0.10%
2015,7,영등포구,-596,"417,811",-0.14%
2015,7,동작구,"-1,106","412,774",-0.27%
2015,7,관악구,-815,"529,031",-0.15%
2015,7,서초구,127,"451,258",0.03%
2015,7,강남구,934,"581,760",0.16%
2015,7,송파구,"-1,024","667,480",-0.15%
2015,7,강동구,"-1,993","463,321",-0.43%
2015,8,종로구,-173,"163,822",-0.11%
2015,8,중구,-240,"134,329",-0.18%
2015,8,용산구,-477,"247,909",-0.19%
2015,8,성동구,-177,"305,065",-0.06%
2015,8,광진구,-577,"375,180",-0.15%
2015,8,동대문구,-487,"373,824",-0.13%
2015,8,중랑구,"-1,060","418,620",-0.25%
2015,8,성북구,-864,"469,560",-0.18%
2015,8,강북구,-512,"334,426",-0.15%
2015,8,도봉구,-469,"353,241",-0.13%
2015,8,노원구,-979,"578,221",-0.17%
2015,8,은평구,338,"502,578",0.07%
2015,8,서대문구,-572,"323,105",-0.18%
2015,8,마포구,-398,"398,351",-0.10%
2015,8,양천구,-234,"489,010",-0.05%
2015,8,강서구,140,"595,691",0.02%
2015,8,구로구,-789,"454,604",-0.17%
2015,8,금천구,-346,"256,167",-0.14%
2015,8,영등포구,-700,"417,811",-0.17%
2015,8,동작구,"-1,413","412,774",-0.34%
2015,8,관악구,-620,"529,031",-0.12%
2015,8,서초구,151,"451,258",0.03%
2015,8,강남구,-214,"581,760",-0.04%
2015,8,송파구,-850,"667,480",-0.13%
2015,8,강동구,"-1,389","463,321",-0.30%
2015,9,종로구,203,"163,822",0.12%
2015,9,중구,-149,"134,329",-0.11%
2015,9,용산구,-354,"247,909",-0.14%
2015,9,성동구,-77,"305,065",-0.03%
2015,9,광진구,-533,"375,180",-0.14%
2015,9,동대문구,-492,"373,824",-0.13%
2015,9,중랑구,-906,"418,620",-0.22%
2015,9,성북구,-846,"469,560",-0.18%
2015,9,강북구,-406,"334,426",-0.12%
2015,9,도봉구,-300,"353,241",-0.08%
2015,9,노원구,-881,"578,221",-0.15%
2015,9,은평구,-279,"502,578",-0.06%
2015,9,서대문구,-335,"323,105",-0.10%
2015,9,마포구,-267,"398,351",-0.07%
2015,9,양천구,-495,"489,010",-0.10%
2015,9,강서구,-83,"595,691",-0.01%
2015,9,구로구,-776,"454,604",-0.17%
2015,9,금천구,-425,"256,167",-0.17%
2015,9,영등포구,-597,"417,811",-0.14%
2015,9,동작구,"-1,336","412,774",-0.32%
2015,9,관악구,-522,"529,031",-0.10%
2015,9,서초구,-345,"451,258",-0.08%
2015,9,강남구,-957,"581,760",-0.16%
2015,9,송파구,-844,"667,480",-0.13%
2015,9,강동구,-884,"463,321",-0.19%
2015,10,종로구,-119,"163,822",-0.07%
2015,10,중구,-74,"134,329",-0.06%
2015,10,용산구,-593,"247,909",-0.24%
2015,10,성동구,-477,"305,065",-0.16%
2015,10,광진구,-487,"375,180",-0.13%
2015,10,동대문구,-418,"373,824",-0.11%
2015,10,중랑구,-888,"418,620",-0.21%
2015,10,성북구,-936,"469,560",-0.20%
2015,10,강북구,-563,"334,426",-0.17%
2015,10,도봉구,-471,"353,241",-0.13%
2015,10,노원구,-834,"578,221",-0.14%
2015,10,은평구,-399,"502,578",-0.08%
2015,10,서대문구,-321,"323,105",-0.10%
2015,10,마포구,-568,"398,351",-0.14%
2015,10,양천구,-410,"489,010",-0.08%
2015,10,강서구,-470,"595,691",-0.08%
2015,10,구로구,-778,"454,604",-0.17%
2015,10,금천구,-572,"256,167",-0.22%
2015,10,영등포구,-998,"417,811",-0.24%
2015,10,동작구,"-1,385","412,774",-0.34%
2015,10,관악구,-803,"529,031",-0.15%
2015,10,서초구,-296,"451,258",-0.07%
2015,10,강남구,454,"581,760",0.08%
2015,10,송파구,"-1,254","667,480",-0.19%
2015,10,강동구,"-1,337","463,321",-0.29%
2015,11,종로구,-151,"163,822",-0.09%
2015,11,중구,-237,"134,329",-0.18%
2015,11,용산구,-269,"247,909",-0.11%
2015,11,성동구,-572,"305,065",-0.19%
2015,11,광진구,-382,"375,180",-0.10%
2015,11,동대문구,-562,"373,824",-0.15%
2015,11,중랑구,-411,"418,620",-0.10%
2015,11,성북구,"-1,085","469,560",-0.23%
2015,11,강북구,-562,"334,426",-0.17%
2015,11,도봉구,-554,"353,241",-0.16%
2015,11,노원구,"-1,004","578,221",-0.17%
2015,11,은평구,-891,"502,578",-0.18%
2015,11,서대문구,"3,008","323,105",0.93%
2015,11,마포구,"-1,272","398,351",-0.32%
2015,11,양천구,-112,"489,010",-0.02%
2015,11,강서구,-562,"595,691",-0.09%
2015,11,구로구,-694,"454,604",-0.15%
2015,11,금천구,-429,"256,167",-0.17%
2015,11,영등포구,-799,"417,811",-0.19%
2015,11,동작구,-987,"412,774",-0.24%
2015,11,관악구,"-1,073","529,031",-0.20%
2015,11,서초구,-958,"451,258",-0.21%
2015,11,강남구,-503,"581,760",-0.09%
2015,11,송파구,"-1,220","667,480",-0.18%
2015,11,강동구,"-1,329","463,321",-0.29%
2015,12,종로구,-375,"163,822",-0.23%
2015,12,중구,-334,"134,329",-0.25%
2015,12,용산구,-512,"247,909",-0.21%
2015,12,성동구,-686,"305,065",-0.22%
2015,12,광진구,-458,"375,180",-0.12%
2015,12,동대문구,-599,"373,824",-0.16%
2015,12,중랑구,-668,"418,620",-0.16%
2015,12,성북구,"-1,269","469,560",-0.27%
2015,12,강북구,-490,"334,426",-0.15%
2015,12,도봉구,-425,"353,241",-0.12%
2015,12,노원구,"-1,563","578,221",-0.27%
2015,12,은평구,-948,"502,578",-0.19%
2015,12,서대문구,"2,338","323,105",0.72%
2015,12,마포구,"-1,228","398,351",-0.31%
2015,12,양천구,-788,"489,010",-0.16%
2015,12,강서구,-500,"595,691",-0.08%
2015,12,구로구,"-1,011","454,604",-0.22%
2015,12,금천구,-519,"256,167",-0.20%
2015,12,영등포구,-754,"417,811",-0.18%
2015,12,동작구,-910,"412,774",-0.22%
2015,12,관악구,-653,"529,031",-0.12%
2015,12,서초구,-831,"451,258",-0.18%
2015,12,강남구,"-1,175","581,760",-0.20%
2015,12,송파구,"-1,649","667,480",-0.25%
2015,12,강동구,"-1,386","463,321",-0.30%
2016,1,종로구,-155,"161,922",-0.10%
2016,1,중구,-167,"134,409",-0.12%
2016,1,용산구,-339,"245,102",-0.14%
2016,1,성동구,-202,"307,161",-0.07%
2016,1,광진구,-358,"372,104",-0.10%
2016,1,동대문구,-238,"370,312",-0.06%
2016,1,중랑구,-136,"415,677",-0.03%
2016,1,성북구,-500,"461,617",-0.11%
2016,1,강북구,-368,"330,704",-0.11%
2016,1,도봉구,-211,"350,272",-0.06%
2016,1,노원구,-910,"571,212",-0.16%
2016,1,은평구,-428,"495,937",-0.09%
2016,1,서대문구,"1,166","325,871",0.36%
2016,1,마포구,-524,"390,887",-0.13%
2016,1,양천구,-423,"481,845",-0.09%
2016,1,강서구,422,"602,104",0.07%
2016,1,구로구,-329,"449,600",-0.07%
2016,1,금천구,-220,"254,654",-0.09%
2016,1,영등포구,-136,"406,779",-0.03%
2016,1,동작구,-193,"413,247",-0.05%
2016,1,관악구,272,"525,607",0.05%
2016,1,서초구,-487,"451,477",-0.11%
2016,1,강남구,-655,"572,140",-0.11%
2016,1,송파구,-747,"664,946",-0.11%
2016,1,강동구,-988,"448,471",-0.22%
2016,2,종로구,60,"161,922",0.04%
2016,2,중구,-81,"134,409",-0.06%
2016,2,용산구,-272,"245,102",-0.11%
2016,2,성동구,-326,"307,161",-0.11%
2016,2,광진구,-129,"372,104",-0.03%
2016,2,동대문구,-239,"370,312",-0.06%
2016,2,중랑구,-287,"415,677",-0.07%
2016,2,성북구,-262,"461,617",-0.06%
2016,2,강북구,-277,"330,704",-0.08%
2016,2,도봉구,-397,"350,272",-0.11%
2016,2,노원구,-130,"571,212",-0.02%
2016,2,은평구,-658,"495,937",-0.13%
2016,2,서대문구,"1,314","325,871",0.40%
2016,2,마포구,-211,"390,887",-0.05%
2016,2,양천구,-668,"481,845",-0.14%
2016,2,강서구,130,"602,104",0.02%
2016,2,구로구,-362,"449,600",-0.08%
2016,2,금천구,-296,"254,654",-0.12%
2016,2,영등포구,-185,"406,779",-0.05%
2016,2,동작구,94,"413,247",0.02%
2016,2,관악구,286,"525,607",0.05%
2016,2,서초구,-776,"451,477",-0.17%
2016,2,강남구,-925,"572,140",-0.16%
2016,2,송파구,"-2,184","664,946",-0.33%
2016,2,강동구,"-1,430","448,471",-0.32%
2016,3,종로구,168,"161,922",0.10%
2016,3,중구,174,"134,409",0.13%
2016,3,용산구,-290,"245,102",-0.12%
2016,3,성동구,-270,"307,161",-0.09%
2016,3,광진구,-227,"372,104",-0.06%
2016,3,동대문구,-150,"370,312",-0.04%
2016,3,중랑구,-184,"415,677",-0.04%
2016,3,성북구,-372,"461,617",-0.08%
2016,3,강북구,-299,"330,704",-0.09%
2016,3,도봉구,-263,"350,272",-0.08%
2016,3,노원구,86,"571,212",0.02%
2016,3,은평구,-613,"495,937",-0.12%
2016,3,서대문구,840,"325,871",0.26%
2016,3,마포구,-502,"390,887",-0.13%
2016,3,양천구,-942,"481,845",-0.20%
2016,3,강서구,279,"602,104",0.05%
2016,3,구로구,-164,"449,600",-0.04%
2016,3,금천구,-240,"254,654",-0.09%
2016,3,영등포구,-333,"406,779",-0.08%
2016,3,동작구,202,"413,247",0.05%
2016,3,관악구,254,"525,607",0.05%
2016,3,서초구,-593,"451,477",-0.13%
2016,3,강남구,"-2,245","572,140",-0.39%
2016,3,송파구,"-1,576","664,946",-0.24%
2016,3,강동구,"-1,560","448,471",-0.35%
2016,4,종로구,-264,"161,922",-0.16%
2016,4,중구,-39,"134,409",-0.03%
2016,4,용산구,-259,"245,102",-0.11%
2016,4,성동구,-83,"307,161",-0.03%
2016,4,광진구,-338,"372,104",-0.09%
2016,4,동대문구,-449,"370,312",-0.12%
2016,4,중랑구,-95,"415,677",-0.02%
2016,4,성북구,-579,"461,617",-0.13%
2016,4,강북구,-228,"330,704",-0.07%
2016,4,도봉구,-258,"350,272",-0.07%
2016,4,노원구,-153,"571,212",-0.03%
2016,4,은평구,-711,"495,937",-0.14%
2016,4,서대문구,424,"325,871",0.13%
2016,4,마포구,-978,"390,887",-0.25%
2016,4,양천구,-801,"481,845",-0.17%
2016,4,강서구,43,"602,104",0.01%
2016,4,구로구,-591,"449,600",-0.13%
2016,4,금천구,-126,"254,654",-0.05%
2016,4,영등포구,-367,"406,779",-0.09%
2016,4,동작구,24,"413,247",0.01%
2016,4,관악구,-347,"525,607",-0.07%
2016,4,서초구,-555,"451,477",-0.12%
2016,4,강남구,"-1,591","572,140",-0.28%
2016,4,송파구,-957,"664,946",-0.14%
2016,4,강동구,"-1,380","448,471",-0.31%
2016,5,종로구,-338,"161,922",-0.21%
2016,5,중구,-257,"134,409",-0.19%
2016,5,용산구,-318,"245,102",-0.13%
2016,5,성동구,457,"307,161",0.15%
2016,5,광진구,-622,"372,104",-0.17%
2016,5,동대문구,-647,"370,312",-0.17%
2016,5,중랑구,-146,"415,677",-0.04%
2016,5,성북구,-819,"461,617",-0.18%
2016,5,강북구,-467,"330,704",-0.14%
2016,5,도봉구,-61,"350,272",-0.02%
2016,5,노원구,-341,"571,212",-0.06%
2016,5,은평구,-572,"495,937",-0.12%
2016,5,서대문구,-166,"325,871",-0.05%
2016,5,마포구,-826,"390,887",-0.21%
2016,5,양천구,-636,"481,845",-0.13%
2016,5,강서구,9,"602,104",0.00%
2016,5,구로구,-275,"449,600",-0.06%
2016,5,금천구,-195,"254,654",-0.08%
2016,5,영등포구,-584,"406,779",-0.14%
2016,5,동작구,46,"413,247",0.01%
2016,5,관악구,-338,"525,607",-0.06%
2016,5,서초구,-557,"451,477",-0.12%
2016,5,강남구,"-1,326","572,140",-0.23%
2016,5,송파구,"-1,027","664,946",-0.15%
2016,5,강동구,"-1,952","448,471",-0.44%
2016,6,종로구,-380,"161,922",-0.23%
2016,6,중구,-207,"134,409",-0.15%
2016,6,용산구,-310,"245,102",-0.13%
2016,6,성동구,191,"307,161",0.06%
2016,6,광진구,-389,"372,104",-0.10%
2016,6,동대문구,-822,"370,312",-0.22%
2016,6,중랑구,-337,"415,677",-0.08%
2016,6,성북구,-758,"461,617",-0.16%
2016,6,강북구,-272,"330,704",-0.08%
2016,6,도봉구,-240,"350,272",-0.07%
2016,6,노원구,-960,"571,212",-0.17%
2016,6,은평구,-569,"495,937",-0.11%
2016,6,서대문구,-118,"325,871",-0.04%
2016,6,마포구,-907,"390,887",-0.23%
2016,6,양천구,-284,"481,845",-0.06%
2016,6,강서구,-341,"602,104",-0.06%
2016,6,구로구,-295,"449,600",-0.07%
2016,6,금천구,-270,"254,654",-0.11%
2016,6,영등포구,"-1,082","406,779",-0.27%
2016,6,동작구,49,"413,247",0.01%
2016,6,관악구,-577,"525,607",-0.11%
2016,6,서초구,-86,"451,477",-0.02%
2016,6,강남구,-855,"572,140",-0.15%
2016,6,송파구,-690,"664,946",-0.10%
2016,6,강동구,"-1,555","448,471",-0.35%
2016,7,종로구,-246,"161,922",-0.15%
2016,7,중구,-53,"134,409",-0.04%
2016,7,용산구,-262,"245,102",-0.11%
2016,7,성동구,-86,"307,161",-0.03%
2016,7,광진구,-389,"372,104",-0.10%
2016,7,동대문구,-649,"370,312",-0.18%
2016,7,중랑구,-567,"415,677",-0.14%
2016,7,성북구,"-1,198","461,617",-0.26%
2016,7,강북구,-231,"330,704",-0.07%
2016,7,도봉구,-555,"350,272",-0.16%
2016,7,노원구,"-1,068","571,212",-0.19%
2016,7,은평구,-478,"495,937",-0.10%
2016,7,서대문구,-492,"325,871",-0.15%
2016,7,마포구,-698,"390,887",-0.18%
2016,7,양천구,-366,"481,845",-0.08%
2016,7,강서구,-808,"602,104",-0.13%
2016,7,구로구,-547,"449,600",-0.12%
2016,7,금천구,-255,"254,654",-0.10%
2016,7,영등포구,"-1,085","406,779",-0.27%
2016,7,동작구,-339,"413,247",-0.08%
2016,7,관악구,-293,"525,607",-0.06%
2016,7,서초구,-94,"451,477",-0.02%
2016,7,강남구,-844,"572,140",-0.15%
2016,7,송파구,-286,"664,946",-0.04%
2016,7,강동구,-956,"448,471",-0.21%
2016,8,종로구,-276,"161,922",-0.17%
2016,8,중구,132,"134,409",0.10%
2016,8,용산구,-506,"245,102",-0.21%
2016,8,성동구,-49,"307,161",-0.02%
2016,8,광진구,-364,"372,104",-0.10%
2016,8,동대문구,-698,"370,312",-0.19%
2016,8,중랑구,-663,"415,677",-0.16%
2016,8,성북구,"-1,239","461,617",-0.27%
2016,8,강북구,-201,"330,704",-0.06%
2016,8,도봉구,-381,"350,272",-0.11%
2016,8,노원구,-958,"571,212",-0.17%
2016,8,은평구,-689,"495,937",-0.14%
2016,8,서대문구,-625,"325,871",-0.19%
2016,8,마포구,"-1,005","390,887",-0.26%
2016,8,양천구,-356,"481,845",-0.07%
2016,8,강서구,564,"602,104",0.09%
2016,8,구로구,"-1,114","449,600",-0.25%
2016,8,금천구,-492,"254,654",-0.19%
2016,8,영등포구,"-1,271","406,779",-0.31%
2016,8,동작구,-158,"413,247",-0.04%
2016,8,관악구,-742,"525,607",-0.14%
2016,8,서초구,-344,"451,477",-0.08%
2016,8,강남구,-797,"572,140",-0.14%
2016,8,송파구,-714,"664,946",-0.11%
2016,8,강동구,"-1,725","448,471",-0.38%
2016,9,종로구,-208,"161,922",-0.13%
2016,9,중구,-62,"134,409",-0.05%
2016,9,용산구,-460,"245,102",-0.19%
2016,9,성동구,-269,"307,161",-0.09%
2016,9,광진구,-326,"372,104",-0.09%
2016,9,동대문구,-415,"370,312",-0.11%
2016,9,중랑구,-320,"415,677",-0.08%
2016,9,성북구,"-1,036","461,617",-0.22%
2016,9,강북구,-302,"330,704",-0.09%
2016,9,도봉구,-275,"350,272",-0.08%
2016,9,노원구,-819,"571,212",-0.14%
2016,9,은평구,-501,"495,937",-0.10%
2016,9,서대문구,-435,"325,871",-0.13%
2016,9,마포구,-897,"390,887",-0.23%
2016,9,양천구,-624,"481,845",-0.13%
2016,9,강서구,765,"602,104",0.13%
2016,9,구로구,-744,"449,600",-0.17%
2016,9,금천구,-422,"254,654",-0.17%
2016,9,영등포구,"-1,487","406,779",-0.37%
2016,9,동작구,77,"413,247",0.02%
2016,9,관악구,-726,"525,607",-0.14%
2016,9,서초구,474,"451,477",0.10%
2016,9,강남구,-770,"572,140",-0.13%
2016,9,송파구,-227,"664,946",-0.03%
2016,9,강동구,-901,"448,471",-0.20%
2016,10,종로구,-253,"161,922",-0.16%
2016,10,중구,8,"134,409",0.01%
2016,10,용산구,-579,"245,102",-0.24%
2016,10,성동구,-788,"307,161",-0.26%
2016,10,광진구,-652,"372,104",-0.18%
2016,10,동대문구,-456,"370,312",-0.12%
2016,10,중랑구,-332,"415,677",-0.08%
2016,10,성북구,-940,"461,617",-0.20%
2016,10,강북구,-606,"330,704",-0.18%
2016,10,도봉구,-100,"350,272",-0.03%
2016,10,노원구,-994,"571,212",-0.17%
2016,10,은평구,-798,"495,937",-0.16%
2016,10,서대문구,-278,"325,871",-0.09%
2016,10,마포구,"-1,271","390,887",-0.33%
2016,10,양천구,"-1,039","481,845",-0.22%
2016,10,강서구,661,"602,104",0.11%
2016,10,구로구,-884,"449,600",-0.20%
2016,10,금천구,-429,"254,654",-0.17%
2016,10,영등포구,"-1,357","406,779",-0.33%
2016,10,동작구,-183,"413,247",-0.04%
2016,10,관악구,-886,"525,607",-0.17%
2016,10,서초구,597,"451,477",0.13%
2016,10,강남구,-669,"572,140",-0.12%
2016,10,송파구,684,"664,946",0.10%
2016,10,강동구,"-1,714","448,471",-0.38%
2016,11,종로구,-380,"161,922",-0.23%
2016,11,중구,-172,"134,409",-0.13%
2016,11,용산구,-496,"245,102",-0.20%
2016,11,성동구,146,"307,161",0.05%
2016,11,광진구,-664,"372,104",-0.18%
2016,11,동대문구,-544,"370,312",-0.15%
2016,11,중랑구,-444,"415,677",-0.11%
2016,11,성북구,"-1,159","461,617",-0.25%
2016,11,강북구,-544,"330,704",-0.16%
2016,11,도봉구,-430,"350,272",-0.12%
2016,11,노원구,"-1,197","571,212",-0.21%
2016,11,은평구,-848,"495,937",-0.17%
2016,11,서대문구,-459,"325,871",-0.14%
2016,11,마포구,"-1,079","390,887",-0.28%
2016,11,양천구,"-1,486","481,845",-0.31%
2016,11,강서구,900,"602,104",0.15%
2016,11,구로구,-744,"449,600",-0.17%
2016,11,금천구,-337,"254,654",-0.13%
2016,11,영등포구,"-1,228","406,779",-0.30%
2016,11,동작구,-535,"413,247",-0.13%
2016,11,관악구,-928,"525,607",-0.18%
2016,11,서초구,-158,"451,477",-0.03%
2016,11,강남구,"-1,401","572,140",-0.24%
2016,11,송파구,752,"664,946",0.11%
2016,11,강동구,"-1,147","448,471",-0.26%
2016,12,종로구,-510,"161,922",-0.31%
2016,12,중구,-336,"134,409",-0.25%
2016,12,용산구,-400,"245,102",-0.16%
2016,12,성동구,"1,922","307,161",0.63%
2016,12,광진구,-626,"372,104",-0.17%
2016,12,동대문구,-724,"370,312",-0.20%
2016,12,중랑구,-746,"415,677",-0.18%
2016,12,성북구,"-1,534","461,617",-0.33%
2016,12,강북구,-361,"330,704",-0.11%
2016,12,도봉구,-600,"350,272",-0.17%
2016,12,노원구,"-1,483","571,212",-0.26%
2016,12,은평구,"-1,196","495,937",-0.24%
2016,12,서대문구,-255,"325,871",-0.08%
2016,12,마포구,"-1,253","390,887",-0.32%
2016,12,양천구,"-1,394","481,845",-0.29%
2016,12,강서구,217,"602,104",0.04%
2016,12,구로구,"-1,141","449,600",-0.25%
2016,12,금천구,"1,624","254,654",0.64%
2016,12,영등포구,"-1,362","406,779",-0.33%
2016,12,동작구,-902,"413,247",-0.22%
2016,12,관악구,-956,"525,607",-0.18%
2016,12,서초구,-604,"451,477",-0.13%
2016,12,강남구,"-1,513","572,140",-0.26%
2016,12,송파구,-28,"664,946",0.00%
2016,12,강동구,"-1,265","448,471",-0.28%
2017,1,종로구,-323,"164,257",-0.20%
2017,1,중구,-294,"134,593",-0.22%
2017,1,용산구,-250,"244,444",-0.10%
2017,1,성동구,"1,706","312,711",0.55%
2017,1,광진구,-30,"372,298",-0.01%
2017,1,동대문구,-473,"366,011",-0.13%
2017,1,중랑구,-349,"412,780",-0.08%
2017,1,성북구,-750,"455,407",-0.16%
2017,1,강북구,-258,"328,002",-0.08%
2017,1,도봉구,-368,"346,234",-0.11%
2017,1,노원구,-857,"558,075",-0.15%
2017,1,은평구,-341,"491,202",-0.07%
2017,1,서대문구,208,"325,028",0.06%
2017,1,마포구,-644,"385,783",-0.17%
2017,1,양천구,-477,"475,018",-0.10%
2017,1,강서구,440,"608,255",0.07%
2017,1,구로구,-332,"441,559",-0.08%
2017,1,금천구,696,"253,491",0.27%
2017,1,영등포구,-729,"402,024",-0.18%
2017,1,동작구,-403,"408,493",-0.10%
2017,1,관악구,-85,"520,929",-0.02%
2017,1,서초구,-195,"445,401",-0.04%
2017,1,강남구,-242,"561,052",-0.04%
2017,1,송파구,"1,054","671,173",0.16%
2017,1,강동구,778,"440,359",0.18%
2017,2,종로구,-2,"164,257",0.00%
2017,2,중구,-294,"134,593",-0.22%
2017,2,용산구,-246,"244,444",-0.10%
2017,2,성동구,"1,456","312,711",0.47%
2017,2,광진구,-44,"372,298",-0.01%
2017,2,동대문구,-277,"366,011",-0.08%
2017,2,중랑구,-379,"412,780",-0.09%
2017,2,성북구,230,"455,407",0.05%
2017,2,강북구,-416,"328,002",-0.13%
2017,2,도봉구,-548,"346,234",-0.16%
2017,2,노원구,"-1,200","558,075",-0.22%
2017,2,은평구,-577,"491,202",-0.12%
2017,2,서대문구,479,"325,028",0.15%
2017,2,마포구,-501,"385,783",-0.13%
2017,2,양천구,-817,"475,018",-0.17%
2017,2,강서구,257,"608,255",0.04%
2017,2,구로구,-765,"441,559",-0.17%
2017,2,금천구,143,"253,491",0.06%
2017,2,영등포구,"-1,123","402,024",-0.28%
2017,2,동작구,-191,"408,493",-0.05%
2017,2,관악구,126,"520,929",0.02%
2017,2,서초구,-209,"445,401",-0.05%
2017,2,강남구,-668,"561,052",-0.12%
2017,2,송파구,"1,261","671,173",0.19%
2017,2,강동구,"2,757","440,359",0.63%
2017,3,종로구,"1,309","164,257",0.80%
2017,3,중구,-343,"134,593",-0.25%
2017,3,용산구,-274,"244,444",-0.11%
2017,3,성동구,716,"312,711",0.23%
2017,3,광진구,-266,"372,298",-0.07%
2017,3,동대문구,-329,"366,011",-0.09%
2017,3,중랑구,-545,"412,780",-0.13%
2017,3,성북구,-138,"455,407",-0.03%
2017,3,강북구,300,"328,002",0.09%
2017,3,도봉구,-729,"346,234",-0.21%
2017,3,노원구,-119,"558,075",-0.02%
2017,3,은평구,-743,"491,202",-0.15%
2017,3,서대문구,50,"325,028",0.02%
2017,3,마포구,-491,"385,783",-0.13%
2017,3,양천구,-868,"475,018",-0.18%
2017,3,강서구,562,"608,255",0.09%
2017,3,구로구,-385,"441,559",-0.09%
2017,3,금천구,90,"253,491",0.04%
2017,3,영등포구,-861,"402,024",-0.21%
2017,3,동작구,-162,"408,493",-0.04%
2017,3,관악구,46,"520,929",0.01%
2017,3,서초구,"-1,171","445,401",-0.26%
2017,3,강남구,"-1,080","561,052",-0.19%
2017,3,송파구,-236,"671,173",-0.04%
2017,3,강동구,968,"440,359",0.22%
2017,4,종로구,383,"164,257",0.23%
2017,4,중구,-244,"134,593",-0.18%
2017,4,용산구,-459,"244,444",-0.19%
2017,4,성동구,105,"312,711",0.03%
2017,4,광진구,18,"372,298",0.00%
2017,4,동대문구,-232,"366,011",-0.06%
2017,4,중랑구,-217,"412,780",-0.05%
2017,4,성북구,-548,"455,407",-0.12%
2017,4,강북구,-6,"328,002",0.00%
2017,4,도봉구,-496,"346,234",-0.14%
2017,4,노원구,-556,"558,075",-0.10%
2017,4,은평구,-232,"491,202",-0.05%
2017,4,서대문구,-115,"325,028",-0.04%
2017,4,마포구,-239,"385,783",-0.06%
2017,4,양천구,-535,"475,018",-0.11%
2017,4,강서구,446,"608,255",0.07%
2017,4,구로구,-548,"441,559",-0.12%
2017,4,금천구,12,"253,491",0.00%
2017,4,영등포구,-197,"402,024",-0.05%
2017,4,동작구,-492,"408,493",-0.12%
2017,4,관악구,-410,"520,929",-0.08%
2017,4,서초구,-648,"445,401",-0.15%
2017,4,강남구,-825,"561,052",-0.15%
2017,4,송파구,-499,"671,173",-0.07%
2017,4,강동구,159,"440,359",0.04%
2017,5,종로구,341,"164,257",0.21%
2017,5,중구,-44,"134,593",-0.03%
2017,5,용산구,-259,"244,444",-0.11%
2017,5,성동구,114,"312,711",0.04%
2017,5,광진구,-285,"372,298",-0.08%
2017,5,동대문구,-508,"366,011",-0.14%
2017,5,중랑구,-91,"412,780",-0.02%
2017,5,성북구,-597,"455,407",-0.13%
2017,5,강북구,-208,"328,002",-0.06%
2017,5,도봉구,-248,"346,234",-0.07%
2017,5,노원구,-931,"558,075",-0.17%
2017,5,은평구,-650,"491,202",-0.13%
2017,5,서대문구,-290,"325,028",-0.09%
2017,5,마포구,-328,"385,783",-0.09%
2017,5,양천구,"-1,007","475,018",-0.21%
2017,5,강서구,"1,072","608,255",0.18%
2017,5,구로구,-800,"441,559",-0.18%
2017,5,금천구,23,"253,491",0.01%
2017,5,영등포구,851,"402,024",0.21%
2017,5,동작구,-627,"408,493",-0.15%
2017,5,관악구,-331,"520,929",-0.06%
2017,5,서초구,"-1,019","445,401",-0.23%
2017,5,강남구,-958,"561,052",-0.17%
2017,5,송파구,165,"671,173",0.02%
2017,5,강동구,25,"440,359",0.01%
2017,6,종로구,135,"164,257",0.08%
2017,6,중구,-97,"134,593",-0.07%
2017,6,용산구,29,"244,444",0.01%
2017,6,성동구,150,"312,711",0.05%
2017,6,광진구,35,"372,298",0.01%
2017,6,동대문구,-339,"366,011",-0.09%
2017,6,중랑구,456,"412,780",0.11%
2017,6,성북구,-679,"455,407",-0.15%
2017,6,강북구,33,"328,002",0.01%
2017,6,도봉구,-40,"346,234",-0.01%
2017,6,노원구,"-1,522","558,075",-0.27%
2017,6,은평구,-758,"491,202",-0.15%
2017,6,서대문구,144,"325,028",0.04%
2017,6,마포구,-484,"385,783",-0.13%
2017,6,양천구,-550,"475,018",-0.12%
2017,6,강서구,853,"608,255",0.14%
2017,6,구로구,-536,"441,559",-0.12%
2017,6,금천구,-104,"253,491",-0.04%
2017,6,영등포구,41,"402,024",0.01%
2017,6,동작구,-331,"408,493",-0.08%
2017,6,관악구,-356,"520,929",-0.07%
2017,6,서초구,"-1,021","445,401",-0.23%
2017,6,강남구,-808,"561,052",-0.14%
2017,6,송파구,247,"671,173",0.04%
2017,6,강동구,-543,"440,359",-0.12%
2017,7,종로구,387,"164,257",0.24%
2017,7,중구,-57,"134,593",-0.04%
2017,7,용산구,-145,"244,444",-0.06%
2017,7,성동구,80,"312,711",0.03%
2017,7,광진구,98,"372,298",0.03%
2017,7,동대문구,-387,"366,011",-0.11%
2017,7,중랑구,223,"412,780",0.05%
2017,7,성북구,-484,"455,407",-0.11%
2017,7,강북구,-374,"328,002",-0.11%
2017,7,도봉구,-156,"346,234",-0.05%
2017,7,노원구,"-1,482","558,075",-0.27%
2017,7,은평구,-752,"491,202",-0.15%
2017,7,서대문구,-132,"325,028",-0.04%
2017,7,마포구,-348,"385,783",-0.09%
2017,7,양천구,-402,"475,018",-0.08%
2017,7,강서구,317,"608,255",0.05%
2017,7,구로구,-524,"441,559",-0.12%
2017,7,금천구,-274,"253,491",-0.11%
2017,7,영등포구,-292,"402,024",-0.07%
2017,7,동작구,-264,"408,493",-0.06%
2017,7,관악구,-479,"520,929",-0.09%
2017,7,서초구,-708,"445,401",-0.16%
2017,7,강남구,-587,"561,052",-0.10%
2017,7,송파구,125,"671,173",0.02%
2017,7,강동구,"-1,626","440,359",-0.37%
2017,8,종로구,239,"164,257",0.15%
2017,8,중구,835,"134,593",0.62%
2017,8,용산구,11,"244,444",0.00%
2017,8,성동구,424,"312,711",0.14%
2017,8,광진구,264,"372,298",0.07%
2017,8,동대문구,-333,"366,011",-0.09%
2017,8,중랑구,-179,"412,780",-0.04%
2017,8,성북구,-551,"455,407",-0.12%
2017,8,강북구,-201,"328,002",-0.06%
2017,8,도봉구,-161,"346,234",-0.05%
2017,8,노원구,"-1,735","558,075",-0.31%
2017,8,은평구,-364,"491,202",-0.07%
2017,8,서대문구,-194,"325,028",-0.06%
2017,8,마포구,-580,"385,783",-0.15%
2017,8,양천구,-626,"475,018",-0.13%
2017,8,강서구,214,"608,255",0.04%
2017,8,구로구,"-1,039","441,559",-0.24%
2017,8,금천구,-272,"253,491",-0.11%
2017,8,영등포구,-515,"402,024",-0.13%
2017,8,동작구,-381,"408,493",-0.09%
2017,8,관악구,-395,"520,929",-0.08%
2017,8,서초구,-360,"445,401",-0.08%
2017,8,강남구,"-1,035","561,052",-0.18%
2017,8,송파구,125,"671,173",0.02%
2017,8,강동구,"-2,182","440,359",-0.50%
2017,9,종로구,55,"164,257",0.03%
2017,9,중구,533,"134,593",0.40%
2017,9,용산구,68,"244,444",0.03%
2017,9,성동구,-4,"312,711",0.00%
2017,9,광진구,-184,"372,298",-0.05%
2017,9,동대문구,-440,"366,011",-0.12%
2017,9,중랑구,-418,"412,780",-0.10%
2017,9,성북구,-872,"455,407",-0.19%
2017,9,강북구,-427,"328,002",-0.13%
2017,9,도봉구,-410,"346,234",-0.12%
2017,9,노원구,"-1,462","558,075",-0.26%
2017,9,은평구,42,"491,202",0.01%
2017,9,서대문구,-448,"325,028",-0.14%
2017,9,마포구,-613,"385,783",-0.16%
2017,9,양천구,-792,"475,018",-0.17%
2017,9,강서구,-139,"608,255",-0.02%
2017,9,구로구,-977,"441,559",-0.22%
2017,9,금천구,-355,"253,491",-0.14%
2017,9,영등포구,40,"402,024",0.01%
2017,9,동작구,-563,"408,493",-0.14%
2017,9,관악구,-648,"520,929",-0.12%
2017,9,서초구,-389,"445,401",-0.09%
2017,9,강남구,"-1,593","561,052",-0.28%
2017,9,송파구,-535,"671,173",-0.08%
2017,9,강동구,"-2,800","440,359",-0.64%
2017,10,종로구,-12,"164,257",-0.01%
2017,10,중구,109,"134,593",0.08%
2017,10,용산구,82,"244,444",0.03%
2017,10,성동구,-166,"312,711",-0.05%
2017,10,광진구,-154,"372,298",-0.04%
2017,10,동대문구,-329,"366,011",-0.09%
2017,10,중랑구,-397,"412,780",-0.10%
2017,10,성북구,-917,"455,407",-0.20%
2017,10,강북구,-175,"328,002",-0.05%
2017,10,도봉구,-145,"346,234",-0.04%
2017,10,노원구,"-1,252","558,075",-0.22%
2017,10,은평구,-248,"491,202",-0.05%
2017,10,서대문구,-268,"325,028",-0.08%
2017,10,마포구,-795,"385,783",-0.21%
2017,10,양천구,-431,"475,018",-0.09%
2017,10,강서구,-164,"608,255",-0.03%
2017,10,구로구,-703,"441,559",-0.16%
2017,10,금천구,-176,"253,491",-0.07%
2017,10,영등포구,118,"402,024",0.03%
2017,10,동작구,-719,"408,493",-0.18%
2017,10,관악구,-594,"520,929",-0.11%
2017,10,서초구,-557,"445,401",-0.13%
2017,10,강남구,"-1,472","561,052",-0.26%
2017,10,송파구,926,"671,173",0.14%
2017,10,강동구,"-2,302","440,359",-0.52%
2017,11,종로구,-181,"164,257",-0.11%
2017,11,중구,109,"134,593",0.08%
2017,11,용산구,-101,"244,444",-0.04%
2017,11,성동구,-65,"312,711",-0.02%
2017,11,광진구,61,"372,298",0.02%
2017,11,동대문구,-617,"366,011",-0.17%
2017,11,중랑구,-761,"412,780",-0.18%
2017,11,성북구,-852,"455,407",-0.19%
2017,11,강북구,-309,"328,002",-0.09%
2017,11,도봉구,-295,"346,234",-0.09%
2017,11,노원구,"-1,508","558,075",-0.27%
2017,11,은평구,-303,"491,202",-0.06%
2017,11,서대문구,-622,"325,028",-0.19%
2017,11,마포구,-608,"385,783",-0.16%
2017,11,양천구,-698,"475,018",-0.15%
2017,11,강서구,-38,"608,255",-0.01%
2017,11,구로구,-883,"441,559",-0.20%
2017,11,금천구,-155,"253,491",-0.06%
2017,11,영등포구,-139,"402,024",-0.03%
2017,11,동작구,-908,"408,493",-0.22%
2017,11,관악구,-754,"520,929",-0.14%
2017,11,서초구,-855,"445,401",-0.19%
2017,11,강남구,"-1,968","561,052",-0.35%
2017,11,송파구,511,"671,173",0.08%
2017,11,강동구,"-2,748","440,359",-0.62%
2017,12,종로구,-125,"164,257",-0.08%
2017,12,중구,117,"134,593",0.09%
2017,12,용산구,76,"244,444",0.03%
2017,12,성동구,-131,"312,711",-0.04%
2017,12,광진구,-150,"372,298",-0.04%
2017,12,동대문구,-570,"366,011",-0.16%
2017,12,중랑구,-905,"412,780",-0.22%
2017,12,성북구,-778,"455,407",-0.17%
2017,12,강북구,-537,"328,002",-0.16%
2017,12,도봉구,-699,"346,234",-0.20%
2017,12,노원구,"-1,458","558,075",-0.26%
2017,12,은평구,-309,"491,202",-0.06%
2017,12,서대문구,-564,"325,028",-0.17%
2017,12,마포구,-568,"385,783",-0.15%
2017,12,양천구,-729,"475,018",-0.15%
2017,12,강서구,-86,"608,255",-0.01%
2017,12,구로구,"-1,103","441,559",-0.25%
2017,12,금천구,-305,"253,491",-0.12%
2017,12,영등포구,-611,"402,024",-0.15%
2017,12,동작구,-988,"408,493",-0.24%
2017,12,관악구,-760,"520,929",-0.15%
2017,12,서초구,-762,"445,401",-0.17%
2017,12,강남구,"-1,657","561,052",-0.30%
2017,12,송파구,574,"671,173",0.09%
2017,12,강동구,"-1,690","440,359",-0.38%
2018,1,종로구,-138,"163,026",-0.08%
2018,1,중구,66,"135,633",0.05%
2018,1,용산구,347,"245,090",0.14%
2018,1,성동구,85,"316,463",0.03%
2018,1,광진구,11,"371,063",0.00%
2018,1,동대문구,-526,"364,338",-0.14%
2018,1,중랑구,-546,"408,147",-0.13%
2018,1,성북구,-740,"447,687",-0.17%
2018,1,강북구,-141,"322,915",-0.04%
2018,1,도봉구,-280,"341,649",-0.08%
2018,1,노원구,"-1,179","548,160",-0.22%
2018,1,은평구,-270,"487,666",-0.06%
2018,1,서대문구,-133,"323,080",-0.04%
2018,1,마포구,-224,"386,359",-0.06%
2018,1,양천구,-539,"468,145",-0.12%
2018,1,강서구,-70,"603,611",-0.01%
2018,1,구로구,"-1,013","438,486",-0.23%
2018,1,금천구,-167,"254,021",-0.07%
2018,1,영등포구,199,"403,600",0.05%
2018,1,동작구,-760,"409,385",-0.19%
2018,1,관악구,303,"520,040",0.06%
2018,1,서초구,-166,"438,163",-0.04%
2018,1,강남구,-721,"547,453",-0.13%
2018,1,송파구,378,"673,507",0.06%
2018,1,강동구,-931,"431,920",-0.22%
2018,2,종로구,-74,"163,026",-0.05%
2018,2,중구,172,"135,633",0.13%
2018,2,용산구,242,"245,090",0.10%
2018,2,성동구,199,"316,463",0.06%
2018,2,광진구,-150,"371,063",-0.04%
2018,2,동대문구,-183,"364,338",-0.05%
2018,2,중랑구,-607,"408,147",-0.15%
2018,2,성북구,-463,"447,687",-0.10%
2018,2,강북구,-249,"322,915",-0.08%
2018,2,도봉구,-438,"341,649",-0.13%
2018,2,노원구,"-1,222","548,160",-0.22%
2018,2,은평구,-311,"487,666",-0.06%
2018,2,서대문구,24,"323,080",0.01%
2018,2,마포구,-57,"386,359",-0.01%
2018,2,양천구,-444,"468,145",-0.09%
2018,2,강서구,-52,"603,611",-0.01%
2018,2,구로구,"-1,288","438,486",-0.29%
2018,2,금천구,-436,"254,021",-0.17%
2018,2,영등포구,-6,"403,600",0.00%
2018,2,동작구,-691,"409,385",-0.17%
2018,2,관악구,129,"520,040",0.02%
2018,2,서초구,179,"438,163",0.04%
2018,2,강남구,-867,"547,453",-0.16%
2018,2,송파구,42,"673,507",0.01%
2018,2,강동구,-683,"431,920",-0.16%
2018,3,종로구,64,"163,026",0.04%
2018,3,중구,117,"135,633",0.09%
2018,3,용산구,115,"245,090",0.05%
2018,3,성동구,"1,242","316,463",0.39%
2018,3,광진구,-625,"371,063",-0.17%
2018,3,동대문구,-584,"364,338",-0.16%
2018,3,중랑구,-293,"408,147",-0.07%
2018,3,성북구,-613,"447,687",-0.14%
2018,3,강북구,-105,"322,915",-0.03%
2018,3,도봉구,-529,"341,649",-0.15%
2018,3,노원구,-165,"548,160",-0.03%
2018,3,은평구,-377,"487,666",-0.08%
2018,3,서대문구,-368,"323,080",-0.11%
2018,3,마포구,-127,"386,359",-0.03%
2018,3,양천구,"-1,118","468,145",-0.24%
2018,3,강서구,-358,"603,611",-0.06%
2018,3,구로구,-329,"438,486",-0.08%
2018,3,금천구,-451,"254,021",-0.18%
2018,3,영등포구,-,"403,600",#VALUE!
2018,3,동작구,-647,"409,385",-0.16%
2018,3,관악구,584,"520,040",0.11%
2018,3,서초구,-530,"438,163",-0.12%
2018,3,강남구,"-1,913","547,453",-0.35%
2018,3,송파구,-177,"673,507",-0.03%
2018,3,강동구,-791,"431,920",-0.18%
2018,4,종로구,-243,"163,026",-0.15%
2018,4,중구,-100,"135,633",-0.07%
2018,4,용산구,-10,"245,090",0.00%
2018,4,성동구,839,"316,463",0.27%
2018,4,광진구,-461,"371,063",-0.12%
2018,4,동대문구,-426,"364,338",-0.12%
2018,4,중랑구,-417,"408,147",-0.10%
2018,4,성북구,-609,"447,687",-0.14%
2018,4,강북구,-473,"322,915",-0.15%
2018,4,도봉구,-354,"341,649",-0.10%
2018,4,노원구,-936,"548,160",-0.17%
2018,4,은평구,-342,"487,666",-0.07%
2018,4,서대문구,-440,"323,080",-0.14%
2018,4,마포구,-174,"386,359",-0.05%
2018,4,양천구,-729,"468,145",-0.16%
2018,4,강서구,-514,"603,611",-0.09%
2018,4,구로구,-611,"438,486",-0.14%
2018,4,금천구,-476,"254,021",-0.19%
2018,4,영등포구,-78,"403,600",-0.02%
2018,4,동작구,-208,"409,385",-0.05%
2018,4,관악구,-65,"520,040",-0.01%
2018,4,서초구,-511,"438,163",-0.12%
2018,4,강남구,"-1,944","547,453",-0.36%
2018,4,송파구,-201,"673,507",-0.03%
2018,4,강동구,-584,"431,920",-0.14%
2018,5,종로구,-204,"163,026",-0.13%
2018,5,중구,143,"135,633",0.11%
2018,5,용산구,-89,"245,090",-0.04%
2018,5,성동구,57,"316,463",0.02%
2018,5,광진구,-608,"371,063",-0.16%
2018,5,동대문구,-469,"364,338",-0.13%
2018,5,중랑구,-429,"408,147",-0.11%
2018,5,성북구,-716,"447,687",-0.16%
2018,5,강북구,-521,"322,915",-0.16%
2018,5,도봉구,-308,"341,649",-0.09%
2018,5,노원구,-850,"548,160",-0.16%
2018,5,은평구,-517,"487,666",-0.11%
2018,5,서대문구,-381,"323,080",-0.12%
2018,5,마포구,-105,"386,359",-0.03%
2018,5,양천구,-913,"468,145",-0.20%
2018,5,강서구,-711,"603,611",-0.12%
2018,5,구로구,-452,"438,486",-0.10%
2018,5,금천구,-244,"254,021",-0.10%
2018,5,영등포구,-79,"403,600",-0.02%
2018,5,동작구,232,"409,385",0.06%
2018,5,관악구,-491,"520,040",-0.09%
2018,5,서초구,-524,"438,163",-0.12%
2018,5,강남구,"-2,555","547,453",-0.47%
2018,5,송파구,29,"673,507",0.00%
2018,5,강동구,-593,"431,920",-0.14%
2018,6,종로구,-319,"163,026",-0.20%
2018,6,중구,-122,"135,633",-0.09%
2018,6,용산구,-241,"245,090",-0.10%
2018,6,성동구,358,"316,463",0.11%
2018,6,광진구,-524,"371,063",-0.14%
2018,6,동대문구,441,"364,338",0.12%
2018,6,중랑구,-590,"408,147",-0.14%
2018,6,성북구,-717,"447,687",-0.16%
2018,6,강북구,-407,"322,915",-0.13%
2018,6,도봉구,-301,"341,649",-0.09%
2018,6,노원구,-827,"548,160",-0.15%
2018,6,은평구,-489,"487,666",-0.10%
2018,6,서대문구,-258,"323,080",-0.08%
2018,6,마포구,-31,"386,359",-0.01%
2018,6,양천구,-653,"468,145",-0.14%
2018,6,강서구,-684,"603,611",-0.11%
2018,6,구로구,-364,"438,486",-0.08%
2018,6,금천구,-353,"254,021",-0.14%
2018,6,영등포구,-351,"403,600",-0.09%
2018,6,동작구,135,"409,385",0.03%
2018,6,관악구,-40,"520,040",-0.01%
2018,6,서초구,-495,"438,163",-0.11%
2018,6,강남구,"-1,916","547,453",-0.35%
2018,6,송파구,589,"673,507",0.09%
2018,6,강동구,-363,"431,920",-0.08%
2018,7,종로구,-244,"163,026",-0.15%
2018,7,중구,-113,"135,633",-0.08%
2018,7,용산구,-194,"245,090",-0.08%
2018,7,성동구,311,"316,463",0.10%
2018,7,광진구,-512,"371,063",-0.14%
2018,7,동대문구,968,"364,338",0.27%
2018,7,중랑구,-469,"408,147",-0.11%
2018,7,성북구,-992,"447,687",-0.22%
2018,7,강북구,-588,"322,915",-0.18%
2018,7,도봉구,-301,"341,649",-0.09%
2018,7,노원구,-986,"548,160",-0.18%
2018,7,은평구,-703,"487,666",-0.14%
2018,7,서대문구,-506,"323,080",-0.16%
2018,7,마포구,-219,"386,359",-0.06%
2018,7,양천구,-517,"468,145",-0.11%
2018,7,강서구,-866,"603,611",-0.14%
2018,7,구로구,-480,"438,486",-0.11%
2018,7,금천구,-135,"254,021",-0.05%
2018,7,영등포구,-365,"403,600",-0.09%
2018,7,동작구,261,"409,385",0.06%
2018,7,관악구,-242,"520,040",-0.05%
2018,7,서초구,-977,"438,163",-0.22%
2018,7,강남구,"-1,270","547,453",-0.23%
2018,7,송파구,422,"673,507",0.06%
2018,7,강동구,-684,"431,920",-0.16%
2018,8,종로구,-119,"163,026",-0.07%
2018,8,중구,-132,"135,633",-0.10%
2018,8,용산구,-122,"245,090",-0.05%
2018,8,성동구,425,"316,463",0.13%
2018,8,광진구,-333,"371,063",-0.09%
2018,8,동대문구,691,"364,338",0.19%
2018,8,중랑구,-502,"408,147",-0.12%
2018,8,성북구,-696,"447,687",-0.16%
2018,8,강북구,-748,"322,915",-0.23%
2018,8,도봉구,-352,"341,649",-0.10%
2018,8,노원구,-856,"548,160",-0.16%
2018,8,은평구,-316,"487,666",-0.06%
2018,8,서대문구,-243,"323,080",-0.08%
2018,8,마포구,-413,"386,359",-0.11%
2018,8,양천구,-515,"468,145",-0.11%
2018,8,강서구,-904,"603,611",-0.15%
2018,8,구로구,-550,"438,486",-0.13%
2018,8,금천구,-396,"254,021",-0.16%
2018,8,영등포구,-219,"403,600",-0.05%
2018,8,동작구,271,"409,385",0.07%
2018,8,관악구,-105,"520,040",-0.02%
2018,8,서초구,-928,"438,163",-0.21%
2018,8,강남구,-847,"547,453",-0.15%
2018,8,송파구,-175,"673,507",-0.03%
2018,8,강동구,-884,"431,920",-0.20%
2018,9,종로구,9,"163,026",0.01%
2018,9,중구,-13,"135,633",-0.01%
2018,9,용산구,-94,"245,090",-0.04%
2018,9,성동구,127,"316,463",0.04%
2018,9,광진구,-161,"371,063",-0.04%
2018,9,동대문구,-75,"364,338",-0.02%
2018,9,중랑구,-420,"408,147",-0.10%
2018,9,성북구,-583,"447,687",-0.13%
2018,9,강북구,-359,"322,915",-0.11%
2018,9,도봉구,-400,"341,649",-0.12%
2018,9,노원구,-639,"548,160",-0.12%
2018,9,은평구,-436,"487,666",-0.09%
2018,9,서대문구,-78,"323,080",-0.02%
2018,9,마포구,-213,"386,359",-0.06%
2018,9,양천구,-223,"468,145",-0.05%
2018,9,강서구,-539,"603,611",-0.09%
2018,9,구로구,-439,"438,486",-0.10%
2018,9,금천구,-85,"254,021",-0.03%
2018,9,영등포구,-176,"403,600",-0.04%
2018,9,동작구,-55,"409,385",-0.01%
2018,9,관악구,45,"520,040",0.01%
2018,9,서초구,-988,"438,163",-0.23%
2018,9,강남구,-961,"547,453",-0.18%
2018,9,송파구,-483,"673,507",-0.07%
2018,9,강동구,-722,"431,920",-0.17%
2018,10,종로구,-110,"163,026",-0.07%
2018,10,중구,-47,"135,633",-0.03%
2018,10,용산구,-47,"245,090",-0.02%
2018,10,성동구,-195,"316,463",-0.06%
2018,10,광진구,26,"371,063",0.01%
2018,10,동대문구,-442,"364,338",-0.12%
2018,10,중랑구,-435,"408,147",-0.11%
2018,10,성북구,-834,"447,687",-0.19%
2018,10,강북구,-435,"322,915",-0.13%
2018,10,도봉구,-532,"341,649",-0.16%
2018,10,노원구,-840,"548,160",-0.15%
2018,10,은평구,12,"487,666",0.00%
2018,10,서대문구,-531,"323,080",-0.16%
2018,10,마포구,398,"386,359",0.10%
2018,10,양천구,-651,"468,145",-0.14%
2018,10,강서구,-749,"603,611",-0.12%
2018,10,구로구,-636,"438,486",-0.15%
2018,10,금천구,-156,"254,021",-0.06%
2018,10,영등포구,-422,"403,600",-0.10%
2018,10,동작구,-363,"409,385",-0.09%
2018,10,관악구,-500,"520,040",-0.10%
2018,10,서초구,"-1,302","438,163",-0.30%
2018,10,강남구,-484,"547,453",-0.09%
2018,10,송파구,-339,"673,507",-0.05%
2018,10,강동구,"-1,093","431,920",-0.25%
2018,11,종로구,-132,"163,026",-0.08%
2018,11,중구,-60,"135,633",-0.04%
2018,11,용산구,-35,"245,090",-0.01%
2018,11,성동구,-471,"316,463",-0.15%
2018,11,광진구,361,"371,063",0.10%
2018,11,동대문구,-890,"364,338",-0.24%
2018,11,중랑구,-386,"408,147",-0.09%
2018,11,성북구,-702,"447,687",-0.16%
2018,11,강북구,-529,"322,915",-0.16%
2018,11,도봉구,-534,"341,649",-0.16%
2018,11,노원구,"-1,150","548,160",-0.21%
2018,11,은평구,-39,"487,666",-0.01%
2018,11,서대문구,170,"323,080",0.05%
2018,11,마포구,314,"386,359",0.08%
2018,11,양천구,-751,"468,145",-0.16%
2018,11,강서구,-553,"603,611",-0.09%
2018,11,구로구,-672,"438,486",-0.15%
2018,11,금천구,966,"254,021",0.38%
2018,11,영등포구,-477,"403,600",-0.12%
2018,11,동작구,-34,"409,385",-0.01%
2018,11,관악구,"-1,106","520,040",-0.21%
2018,11,서초구,"-1,525","438,163",-0.35%
2018,11,강남구,"-1,285","547,453",-0.23%
2018,11,송파구,-532,"673,507",-0.08%
2018,11,강동구,"-1,283","431,920",-0.30%
2018,12,종로구,-101,"163,026",-0.06%
2018,12,중구,-13,"135,633",-0.01%
2018,12,용산구,-334,"245,090",-0.14%
2018,12,성동구,-631,"316,463",-0.20%
2018,12,광진구,-70,"371,063",-0.02%
2018,12,동대문구,"-1,211","364,338",-0.33%
2018,12,중랑구,-354,"408,147",-0.09%
2018,12,성북구,-665,"447,687",-0.15%
2018,12,강북구,-304,"322,915",-0.09%
2018,12,도봉구,-366,"341,649",-0.11%
2018,12,노원구,"-1,231","548,160",-0.22%
2018,12,은평구,-242,"487,666",-0.05%
2018,12,서대문구,121,"323,080",0.04%
2018,12,마포구,7,"386,359",0.00%
2018,12,양천구,-782,"468,145",-0.17%
2018,12,강서구,-582,"603,611",-0.10%
2018,12,구로구,-601,"438,486",-0.14%
2018,12,금천구,219,"254,021",0.09%
2018,12,영등포구,-272,"403,600",-0.07%
2018,12,동작구,853,"409,385",0.21%
2018,12,관악구,-586,"520,040",-0.11%
2018,12,서초구,"-1,064","438,163",-0.24%
2018,12,강남구,-428,"547,453",-0.08%
2018,12,송파구,21,"673,507",0.00%
2018,12,강동구,-988,"431,920",-0.23%
2019,1,종로구,-229,"162,452",-0.14%
2019,1,중구,125,"135,485",0.09%
2019,1,용산구,154,"243,899",0.06%
2019,1,성동구,-576,"319,686",-0.18%
2019,1,광진구,-203,"369,502",-0.05%
2019,1,동대문구,-625,"361,403",-0.17%
2019,1,중랑구,-227,"404,418",-0.06%
2019,1,성북구,-591,"440,885",-0.13%
2019,1,강북구,-340,"319,153",-0.11%
2019,1,도봉구,-555,"338,221",-0.16%
2019,1,노원구,"-1,026","539,075",-0.19%
2019,1,은평구,343,"483,848",0.07%
2019,1,서대문구,549,"323,637",0.17%
2019,1,마포구,149,"384,027",0.04%
2019,1,양천구,-642,"462,668",-0.14%
2019,1,강서구,-137,"606,638",-0.02%
2019,1,구로구,-508,"433,945",-0.12%
2019,1,금천구,212,"253,029",0.08%
2019,1,영등포구,169,"399,260",0.04%
2019,1,동작구,"1,185","406,953",0.29%
2019,1,관악구,75,"517,102",0.01%
2019,1,서초구,-427,"434,222",-0.10%
2019,1,강남구,-302,"538,807",-0.06%
2019,1,송파구,"4,069","673,936",0.60%
2019,1,강동구,-736,"420,381",-0.18%
2019,2,종로구,31,"162,452",0.02%
2019,2,중구,112,"135,485",0.08%
2019,2,용산구,84,"243,899",0.03%
2019,2,성동구,-719,"319,686",-0.22%
2019,2,광진구,-96,"369,502",-0.03%
2019,2,동대문구,20,"361,403",0.01%
2019,2,중랑구,-426,"404,418",-0.11%
2019,2,성북구,481,"440,885",0.11%
2019,2,강북구,-436,"319,153",-0.14%
2019,2,도봉구,-444,"338,221",-0.13%
2019,2,노원구,-964,"539,075",-0.18%
2019,2,은평구,513,"483,848",0.11%
2019,2,서대문구,894,"323,637",0.28%
2019,2,마포구,5,"384,027",0.00%
2019,2,양천구,-557,"462,668",-0.12%
2019,2,강서구,-405,"606,638",-0.07%
2019,2,구로구,-460,"433,945",-0.11%
2019,2,금천구,-16,"253,029",-0.01%
2019,2,영등포구,255,"399,260",0.06%
2019,2,동작구,"1,202","406,953",0.30%
2019,2,관악구,420,"517,102",0.08%
2019,2,서초구,-143,"434,222",-0.03%
2019,2,강남구,76,"538,807",0.01%
2019,2,송파구,"4,358","673,936",0.65%
2019,2,강동구,-751,"420,381",-0.18%
2019,3,종로구,-79,"162,452",-0.05%
2019,3,중구,-57,"135,485",-0.04%
2019,3,용산구,-146,"243,899",-0.06%
2019,3,성동구,-728,"319,686",-0.23%
2019,3,광진구,-592,"369,502",-0.16%
2019,3,동대문구,-718,"361,403",-0.20%
2019,3,중랑구,-476,"404,418",-0.12%
2019,3,성북구,"2,488","440,885",0.56%
2019,3,강북구,-877,"319,153",-0.27%
2019,3,도봉구,-545,"338,221",-0.16%
2019,3,노원구,-638,"539,075",-0.12%
2019,3,은평구,177,"483,848",0.04%
2019,3,서대문구,37,"323,637",0.01%
2019,3,마포구,-338,"384,027",-0.09%
2019,3,양천구,-577,"462,668",-0.12%
2019,3,강서구,-414,"606,638",-0.07%
2019,3,구로구,969,"433,945",0.22%
2019,3,금천구,-176,"253,029",-0.07%
2019,3,영등포구,254,"399,260",0.06%
2019,3,동작구,166,"406,953",0.04%
2019,3,관악구,160,"517,102",0.03%
2019,3,서초구,-890,"434,222",-0.20%
2019,3,강남구,-556,"538,807",-0.10%
2019,3,송파구,"2,881","673,936",0.43%
2019,3,강동구,-975,"420,381",-0.23%
2019,4,종로구,-273,"162,452",-0.17%
2019,4,중구,-38,"135,485",-0.03%
2019,4,용산구,-260,"243,899",-0.11%
2019,4,성동구,-688,"319,686",-0.22%
2019,4,광진구,-588,"369,502",-0.16%
2019,4,동대문구,-457,"361,403",-0.13%
2019,4,중랑구,-694,"404,418",-0.17%
2019,4,성북구,"1,469","440,885",0.33%
2019,4,강북구,-733,"319,153",-0.23%
2019,4,도봉구,-475,"338,221",-0.14%
2019,4,노원구,"-1,261","539,075",-0.23%
2019,4,은평구,-21,"483,848",0.00%
2019,4,서대문구,-199,"323,637",-0.06%
2019,4,마포구,-379,"384,027",-0.10%
2019,4,양천구,-539,"462,668",-0.12%
2019,4,강서구,-247,"606,638",-0.04%
2019,4,구로구,712,"433,945",0.16%
2019,4,금천구,167,"253,029",0.07%
2019,4,영등포구,-11,"399,260",0.00%
2019,4,동작구,157,"406,953",0.04%
2019,4,관악구,-409,"517,102",-0.08%
2019,4,서초구,-558,"434,222",-0.13%
2019,4,강남구,146,"538,807",0.03%
2019,4,송파구,"1,049","673,936",0.16%
2019,4,강동구,-608,"420,381",-0.14%
2019,5,종로구,-252,"162,452",-0.16%
2019,5,중구,-139,"135,485",-0.10%
2019,5,용산구,-63,"243,899",-0.03%
2019,5,성동구,-452,"319,686",-0.14%
2019,5,광진구,-241,"369,502",-0.07%
2019,5,동대문구,-45,"361,403",-0.01%
2019,5,중랑구,-663,"404,418",-0.16%
2019,5,성북구,309,"440,885",0.07%
2019,5,강북구,-502,"319,153",-0.16%
2019,5,도봉구,-214,"338,221",-0.06%
2019,5,노원구,-764,"539,075",-0.14%
2019,5,은평구,-325,"483,848",-0.07%
2019,5,서대문구,-303,"323,637",-0.09%
2019,5,마포구,-196,"384,027",-0.05%
2019,5,양천구,-669,"462,668",-0.14%
2019,5,강서구,-276,"606,638",-0.05%
2019,5,구로구,-295,"433,945",-0.07%
2019,5,금천구,-51,"253,029",-0.02%
2019,5,영등포구,59,"399,260",0.01%
2019,5,동작구,-118,"406,953",-0.03%
2019,5,관악구,19,"517,102",0.00%
2019,5,서초구,-673,"434,222",-0.15%
2019,5,강남구,104,"538,807",0.02%
2019,5,송파구,-201,"673,936",-0.03%
2019,5,강동구,-377,"420,381",-0.09%
2019,6,종로구,-198,"162,452",-0.12%
2019,6,중구,319,"135,485",0.24%
2019,6,용산구,184,"243,899",0.08%
2019,6,성동구,-569,"319,686",-0.18%
2019,6,광진구,-314,"369,502",-0.08%
2019,6,동대문구,161,"361,403",0.04%
2019,6,중랑구,-309,"404,418",-0.08%
2019,6,성북구,301,"440,885",0.07%
2019,6,강북구,-407,"319,153",-0.13%
2019,6,도봉구,-367,"338,221",-0.11%
2019,6,노원구,-792,"539,075",-0.15%
2019,6,은평구,-294,"483,848",-0.06%
2019,6,서대문구,-121,"323,637",-0.04%
2019,6,마포구,-345,"384,027",-0.09%
2019,6,양천구,-488,"462,668",-0.11%
2019,6,강서구,-625,"606,638",-0.10%
2019,6,구로구,-34,"433,945",-0.01%
2019,6,금천구,-65,"253,029",-0.03%
2019,6,영등포구,-187,"399,260",-0.05%
2019,6,동작구,-228,"406,953",-0.06%
2019,6,관악구,-290,"517,102",-0.06%
2019,6,서초구,-474,"434,222",-0.11%
2019,6,강남구,72,"538,807",0.01%
2019,6,송파구,-798,"673,936",-0.12%
2019,6,강동구,-237,"420,381",-0.06%
2019,7,종로구,-162,"162,452",-0.10%
2019,7,중구,240,"135,485",0.18%
2019,7,용산구,7,"243,899",0.00%
2019,7,성동구,-722,"319,686",-0.23%
2019,7,광진구,-744,"369,502",-0.20%
2019,7,동대문구,-7,"361,403",0.00%
2019,7,중랑구,-825,"404,418",-0.20%
2019,7,성북구,719,"440,885",0.16%
2019,7,강북구,-537,"319,153",-0.17%
2019,7,도봉구,-394,"338,221",-0.12%
2019,7,노원구,"-1,195","539,075",-0.22%
2019,7,은평구,-659,"483,848",-0.14%
2019,7,서대문구,-414,"323,637",-0.13%
2019,7,마포구,-714,"384,027",-0.19%
2019,7,양천구,-376,"462,668",-0.08%
2019,7,강서구,-661,"606,638",-0.11%
2019,7,구로구,238,"433,945",0.05%
2019,7,금천구,-282,"253,029",-0.11%
2019,7,영등포구,-207,"399,260",-0.05%
2019,7,동작구,-524,"406,953",-0.13%
2019,7,관악구,83,"517,102",0.02%
2019,7,서초구,-89,"434,222",-0.02%
2019,7,강남구,-4,"538,807",0.00%
2019,7,송파구,-945,"673,936",-0.14%
2019,7,강동구,"1,097","420,381",0.26%
2019,8,종로구,-73,"162,452",-0.04%
2019,8,중구,-13,"135,485",-0.01%
2019,8,용산구,-42,"243,899",-0.02%
2019,8,성동구,-661,"319,686",-0.21%
2019,8,광진구,-267,"369,502",-0.07%
2019,8,동대문구,108,"361,403",0.03%
2019,8,중랑구,-671,"404,418",-0.17%
2019,8,성북구,339,"440,885",0.08%
2019,8,강북구,-421,"319,153",-0.13%
2019,8,도봉구,-456,"338,221",-0.13%
2019,8,노원구,"-1,240","539,075",-0.23%
2019,8,은평구,"-1,247","483,848",-0.26%
2019,8,서대문구,-318,"323,637",-0.10%
2019,8,마포구,-607,"384,027",-0.16%
2019,8,양천구,-352,"462,668",-0.08%
2019,8,강서구,-851,"606,638",-0.14%
2019,8,구로구,516,"433,945",0.12%
2019,8,금천구,-293,"253,029",-0.12%
2019,8,영등포구,-426,"399,260",-0.11%
2019,8,동작구,-539,"406,953",-0.13%
2019,8,관악구,159,"517,102",0.03%
2019,8,서초구,-141,"434,222",-0.03%
2019,8,강남구,591,"538,807",0.11%
2019,8,송파구,"-1,028","673,936",-0.15%
2019,8,강동구,523,"420,381",0.12%